lead_id;user_id;post_id;campaign_id;channel_id;lead_timestamp;status;is_synthetic
lead_0001;usr_0001;1878;camp_bigtech_internships;ch_postupashki_main;2026-09-02 21:49:56.139;converted;True
lead_0002;unstitched_0002;1878;camp_bigtech_internships;ch_postupashki_main;2026-09-04 11:14:34.984;unstitched;True
lead_0003;usr_0003;1878;camp_bigtech_internships;ch_postupashki_main;2026-09-03 14:27:07.727;converted;True
lead_0004;usr_0004;1872;camp_bigtech_internships;ch_postupashki_main;2026-08-29 21:59:56.996;converted;True
lead_0005;usr_0005;1859;camp_pro_ai_ml;ch_postupashki_main;2026-08-21 06:02:14.120;converted;True
lead_0006;usr_0006;1877;camp_bigtech_internships;ch_postupashki_main;2026-08-31 20:41:19.253;converted;True
lead_0007;unstitched_0007;1833;camp_start_discount_55;ch_postupashki_main;2026-08-08 03:09:08.222;unstitched;True
lead_0008;usr_0008;1833;camp_start_discount_55;ch_postupashki_main;2026-08-08 06:48:26.957;converted;True
lead_0009;usr_0009;1877;camp_bigtech_internships;ch_postupashki_main;2026-09-02 13:15:56.212;converted;True
lead_0010;usr_0010;1881;camp_bigtech_internships;ch_postupashki_main;2026-09-06 01:44:21.029;converted;True
lead_0011;usr_0011;1869;camp_pro_ai_ml;ch_postupashki_main;2026-08-27 12:36:04.639;converted;True
lead_0012;usr_0012;1836;camp_start_discount_55;ch_postupashki_main;2026-08-08 22:38:52.576;converted;True
lead_0013;usr_0013;1887;camp_free_analytics_nosql;ch_postupashki_main;2026-09-05 18:00:12.227;converted;True
lead_0014;usr_0014;1874;camp_pro_ai_ml;ch_postupashki_main;2026-08-29 22:42:12.533;converted;True
lead_0015;usr_0015;1878;camp_bigtech_internships;ch_postupashki_main;2026-09-04 12:15:00.590;converted;True
lead_0016;usr_0016;1838;camp_start_discount_55;ch_postupashki_main;2026-08-10 07:55:49.318;converted;True
lead_0017;usr_0017;1859;camp_pro_ai_ml;ch_postupashki_main;2026-08-20 19:25:28.567;converted;True
lead_0018;unstitched_0018;1878;camp_bigtech_internships;ch_postupashki_main;2026-09-03 23:29:48.169;unstitched;True
lead_0019;usr_0019;1833;camp_start_discount_55;ch_postupashki_main;2026-08-09 05:26:23.878;converted;True
lead_0020;usr_0020;1878;camp_bigtech_internships;ch_postupashki_main;2026-09-05 13:25:46.198;converted;True
lead_0021;usr_0021;1838;camp_start_discount_55;ch_postupashki_main;2026-08-09 16:13:12.067;converted;True
lead_0022;usr_0022;1880;camp_bigtech_internships;ch_postupashki_main;2026-09-04 18:57:38.988;converted;True
lead_0023;usr_0023;1881;camp_bigtech_internships;ch_postupashki_main;2026-09-05 07:31:25.229;converted;True
lead_0024;usr_0024;1878;camp_bigtech_internships;ch_postupashki_main;2026-09-04 16:56:45.491;converted;True
lead_0025;usr_0025;1874;camp_pro_ai_ml;ch_postupashki_main;2026-08-30 08:52:57.626;converted;True
lead_0026;unstitched_0026;1833;camp_start_discount_55;ch_postupashki_main;2026-08-06 19:57:08.526;unstitched;True
lead_0027;unstitched_0027;1872;camp_bigtech_internships;ch_postupashki_main;2026-08-29 19:00:19.212;unstitched;True
lead_0028;usr_0027;1869;camp_pro_ai_ml;ch_postupashki_main;2026-08-27 18:27:57.879;converted;True
lead_0029;usr_0028;1878;camp_bigtech_internships;ch_postupashki_main;2026-09-04 05:02:53.700;converted;True
lead_0030;usr_0029;1869;camp_pro_ai_ml;ch_postupashki_main;2026-08-28 02:03:30.108;converted;True
lead_0031;usr_0030;1859;camp_pro_ai_ml;ch_postupashki_main;2026-08-22 20:21:38.744;converted;True
lead_0032;unstitched_0032;1878;camp_bigtech_internships;ch_postupashki_main;2026-09-04 17:14:18.337;unstitched;True
lead_0033;usr_0032;1833;camp_start_discount_55;ch_postupashki_main;2026-08-08 02:05:46.823;converted;True
lead_0034;usr_0033;1833;camp_start_discount_55;ch_postupashki_main;2026-08-07 01:44:24.271;converted;True
lead_0035;usr_0034;1875;camp_bigtech_internships;ch_postupashki_main;2026-08-30 18:00:35.730;converted;True
lead_0036;unstitched_0036;1877;camp_bigtech_internships;ch_postupashki_main;2026-09-02 12:18:36.307;unstitched;True
lead_0037;usr_0036;1893;camp_free_analytics_nosql;ch_postupashki_main;2026-09-08 04:06:43.926;converted;True
lead_0038;unstitched_0038;1875;camp_bigtech_internships;ch_postupashki_main;2026-08-31 16:57:25.987;unstitched;True
lead_0039;unstitched_0039;1833;camp_start_discount_55;ch_postupashki_main;2026-08-09 07:46:42.645;unstitched;True
lead_0040;usr_0039;1869;camp_pro_ai_ml;ch_postupashki_main;2026-08-27 10:35:42.955;converted;True
lead_0041;unstitched_0041;1836;camp_start_discount_55;ch_postupashki_main;2026-08-08 10:18:19.957;unstitched;True
lead_0042;usr_0041;1843;camp_warmup;ch_postupashki_main;2026-08-12 06:23:24.927;converted;True
lead_0043;usr_0042;1878;camp_bigtech_internships;ch_postupashki_main;2026-09-05 19:25:44.982;converted;True
lead_0044;unstitched_0044;1878;camp_bigtech_internships;ch_postupashki_main;2026-09-04 00:18:35.276;unstitched;True
lead_0045;unstitched_0045;1880;camp_bigtech_internships;ch_postupashki_main;2026-09-05 13:17:39.235;unstitched;True
lead_0046;usr_0045;1846;camp_warmup;ch_postupashki_main;2026-08-12 23:33:30.982;converted;True
lead_0047;unstitched_0047;1843;camp_warmup;ch_postupashki_main;2026-08-11 01:50:15.898;unstitched;True
lead_0048;unstitched_0048;1833;camp_start_discount_55;ch_postupashki_main;2026-08-07 12:12:24.785;unstitched;True
lead_0049;usr_0048;1878;camp_bigtech_internships;ch_postupashki_main;2026-09-04 17:18:49.060;converted;True
lead_0050;usr_0049;1880;camp_bigtech_internships;ch_postupashki_main;2026-09-06 08:46:46.771;converted;True
lead_0051;usr_0050;1875;camp_bigtech_internships;ch_postupashki_main;2026-09-01 03:38:14.358;converted;True
lead_0052;usr_0051;1881;camp_bigtech_internships;ch_postupashki_main;2026-09-05 14:52:13.839;converted;True
lead_0053;unstitched_0053;1838;camp_start_discount_55;ch_postupashki_main;2026-08-10 05:29:58.755;unstitched;True
lead_0054;usr_0053;1836;camp_start_discount_55;ch_postupashki_main;2026-08-08 01:26:55.747;converted;True
lead_0055;usr_0054;1833;camp_start_discount_55;ch_postupashki_main;2026-08-08 08:02:45.999;converted;True
lead_0056;usr_0055;1881;camp_bigtech_internships;ch_postupashki_main;2026-09-06 07:00:34.358;converted;True
lead_0057;unstitched_0057;1880;camp_bigtech_internships;ch_postupashki_main;2026-09-04 21:13:39.032;unstitched;True
lead_0058;usr_0057;1837;camp_start_discount_55;ch_postupashki_main;2026-08-08 06:16:38.868;converted;True
lead_0059;unstitched_0059;1836;camp_start_discount_55;ch_postupashki_main;2026-08-09 06:26:38.346;unstitched;True
lead_0060;unstitched_0060;1880;camp_bigtech_internships;ch_postupashki_main;2026-09-05 11:11:24.293;unstitched;True
lead_0061;unstitched_0061;1878;camp_bigtech_internships;ch_postupashki_main;2026-09-04 00:37:34.352;unstitched;True
lead_0062;usr_0061;1869;camp_pro_ai_ml;ch_postupashki_main;2026-08-27 13:34:12.214;converted;True
lead_0063;usr_0062;1837;camp_start_discount_55;ch_postupashki_main;2026-08-08 21:42:42.362;converted;True
lead_0064;unstitched_0064;1837;camp_start_discount_55;ch_postupashki_main;2026-08-08 02:01:52.385;unstitched;True
lead_0065;usr_0063;1887;camp_free_analytics_nosql;ch_postupashki_main;2026-09-06 04:24:38.556;converted;True
lead_0066;usr_0064;1836;camp_start_discount_55;ch_postupashki_main;2026-08-09 03:18:44.358;converted;True
lead_0067;usr_0065;1837;camp_start_discount_55;ch_postupashki_main;2026-08-09 01:53:15.513;converted;True
lead_0068;unstitched_0068;1844;camp_warmup;ch_postupashki_main;2026-08-12 13:25:29.064;unstitched;True
lead_0069;usr_0067;1838;camp_start_discount_55;ch_postupashki_main;2026-08-09 07:58:35.192;converted;True
lead_0070;usr_0067;1878;camp_bigtech_internships;ch_postupashki_main;2026-09-03 18:24:14.472;converted;True
lead_0071;unstitched_0071;1893;camp_free_analytics_nosql;ch_postupashki_main;2026-09-08 05:03:10.436;unstitched;True
lead_0072;usr_0069;1859;camp_pro_ai_ml;ch_postupashki_main;2026-08-21 13:14:14.390;converted;True
lead_0073;usr_0070;1855;camp_warmup;ch_postupashki_main;2026-08-18 16:26:02.729;converted;True
lead_0074;usr_0071;1859;camp_pro_ai_ml;ch_postupashki_main;2026-08-22 14:19:34.709;converted;True
lead_0075;usr_0072;1893;camp_free_analytics_nosql;ch_postupashki_main;2026-09-07 05:14:11.018;converted;True
lead_0076;unstitched_0076;1833;camp_start_discount_55;ch_postupashki_main;2026-08-08 07:50:06.128;unstitched;True
lead_0077;usr_0074;1878;camp_bigtech_internships;ch_postupashki_main;2026-09-05 10:34:12.593;converted;True
lead_0078;unstitched_0078;1854;camp_warmup;ch_postupashki_main;2026-08-18 06:30:57.248;unstitched;True
lead_0079;usr_0076;1869;camp_pro_ai_ml;ch_postupashki_main;2026-08-29 02:00:57.961;converted;True
lead_0080;usr_0077;1875;camp_bigtech_internships;ch_postupashki_main;2026-08-30 06:40:55.794;converted;True
lead_0081;usr_0078;1893;camp_free_analytics_nosql;ch_postupashki_main;2026-09-06 22:27:23.853;converted;True
lead_0082;usr_0079;1846;camp_warmup;ch_postupashki_main;2026-08-13 01:58:58.923;converted;True
lead_0083;usr_0080;1893;camp_free_analytics_nosql;ch_postupashki_main;2026-09-07 12:37:34.818;converted;True
lead_0084;usr_0081;1869;camp_pro_ai_ml;ch_postupashki_main;2026-08-30 03:58:27.068;converted;True
lead_0085;usr_0082;1840;camp_start_discount_55;ch_postupashki_main;2026-08-10 07:59:54.914;converted;True
lead_0086;usr_0083;1837;camp_start_discount_55;ch_postupashki_main;2026-08-10 06:05:57.339;converted;True
lead_0087;usr_0084;1837;camp_start_discount_55;ch_postupashki_main;2026-08-09 07:28:48.915;converted;True
lead_0088;usr_0085;1859;camp_pro_ai_ml;ch_postupashki_main;2026-08-24 06:45:49.200;converted;True
lead_0089;usr_0086;1837;camp_start_discount_55;ch_postupashki_main;2026-08-09 21:05:54.379;converted;True
lead_0090;unstitched_0090;1859;camp_pro_ai_ml;ch_postupashki_main;2026-08-22 05:55:31.456;unstitched;True
lead_0091;usr_0088;1875;camp_bigtech_internships;ch_postupashki_main;2026-09-01 13:07:16.280;converted;True
lead_0092;unstitched_0092;1833;camp_start_discount_55;ch_postupashki_main;2026-08-07 16:30:13.181;unstitched;True
lead_0093;usr_0090;1872;camp_bigtech_internships;ch_postupashki_main;2026-08-29 17:04:08.699;converted;True
lead_0094;unstitched_0094;1859;camp_pro_ai_ml;ch_postupashki_main;2026-08-22 21:39:00.023;unstitched;True
lead_0095;usr_0092;1857;camp_warmup;ch_postupashki_main;2026-08-21 02:52:37.592;converted;True
lead_0096;usr_0093;1837;camp_start_discount_55;ch_postupashki_main;2026-08-08 10:46:03.094;converted;True
lead_0097;unstitched_0097;1878;camp_bigtech_internships;ch_postupashki_main;2026-09-03 12:04:26.233;unstitched;True
lead_0098;usr_0095;1859;camp_pro_ai_ml;ch_postupashki_main;2026-08-23 01:43:24.740;converted;True
lead_0099;unstitched_0099;1836;camp_start_discount_55;ch_postupashki_main;2026-08-07 21:11:51.944;unstitched;True
lead_0100;unstitched_0100;1881;camp_bigtech_internships;ch_postupashki_main;2026-09-05 03:48:40.058;unstitched;True
lead_0101;usr_0098;1859;camp_pro_ai_ml;ch_postupashki_main;2026-08-23 09:17:31.518;converted;True
lead_0102;usr_0099;1869;camp_pro_ai_ml;ch_postupashki_main;2026-08-28 00:21:40.631;converted;True
lead_0103;usr_0100;1887;camp_free_analytics_nosql;ch_postupashki_main;2026-09-07 08:04:45.859;converted;True
lead_0104;usr_0101;1856;camp_warmup;ch_postupashki_main;2026-08-19 09:22:55.501;converted;True
lead_0105;usr_0102;1887;camp_free_analytics_nosql;ch_postupashki_main;2026-09-07 04:26:19.278;converted;True
lead_0106;usr_0103;1837;camp_start_discount_55;ch_postupashki_main;2026-08-08 09:15:33.333;converted;True
lead_0107;usr_0104;1859;camp_pro_ai_ml;ch_postupashki_main;2026-08-23 09:28:03.633;converted;True
lead_0108;unstitched_0108;1878;camp_bigtech_internships;ch_postupashki_main;2026-09-05 23:46:19.454;unstitched;True
lead_0109;usr_0106;1837;camp_start_discount_55;ch_postupashki_main;2026-08-08 22:47:55.654;converted;True
lead_0110;usr_0107;1859;camp_pro_ai_ml;ch_postupashki_main;2026-08-22 01:33:28.399;converted;True
lead_0111;usr_0108;1893;camp_free_analytics_nosql;ch_postupashki_main;2026-09-08 01:10:30.184;converted;True
lead_0112;usr_0109;1878;camp_bigtech_internships;ch_postupashki_main;2026-09-04 23:40:38.486;converted;True
lead_0113;usr_0110;1887;camp_free_analytics_nosql;ch_postupashki_main;2026-09-06 21:59:02.952;converted;True
lead_0114;unstitched_0114;1859;camp_pro_ai_ml;ch_postupashki_main;2026-08-23 21:20:53.865;unstitched;True
lead_0115;unstitched_0115;1840;camp_start_discount_55;ch_postupashki_main;2026-08-10 12:01:53.344;unstitched;True
lead_0116;unstitched_0116;1881;camp_bigtech_internships;ch_postupashki_main;2026-09-05 14:37:30.804;unstitched;True
lead_0117;usr_0114;1875;camp_bigtech_internships;ch_postupashki_main;2026-08-31 19:08:02.006;converted;True
lead_0118;usr_0115;1875;camp_bigtech_internships;ch_postupashki_main;2026-08-31 02:12:31.102;converted;True
lead_0119;usr_0116;1859;camp_pro_ai_ml;ch_postupashki_main;2026-08-25 07:52:27.738;converted;True
lead_0120;usr_0117;1878;camp_bigtech_internships;ch_postupashki_main;2026-09-05 03:15:07.873;converted;True
lead_0121;unstitched_0121;1859;camp_pro_ai_ml;ch_postupashki_main;2026-08-21 10:34:40.285;unstitched;True
lead_0122;unstitched_0122;1887;camp_free_analytics_nosql;ch_postupashki_main;2026-09-06 17:10:45.148;unstitched;True
lead_0123;usr_0120;1833;camp_start_discount_55;ch_postupashki_main;2026-08-06 22:50:34.499;converted;True
lead_0124;usr_0121;1859;camp_pro_ai_ml;ch_postupashki_main;2026-08-23 13:12:58.005;converted;True
lead_0125;unstitched_0125;1869;camp_pro_ai_ml;ch_postupashki_main;2026-08-26 03:50:14.800;unstitched;True
lead_0126;usr_0123;1893;camp_free_analytics_nosql;ch_postupashki_main;2026-09-08 21:17:02.464;converted;True
lead_0127;unstitched_0127;1878;camp_bigtech_internships;ch_postupashki_main;2026-09-03 14:40:48.797;unstitched;True
lead_0128;usr_0125;1887;camp_free_analytics_nosql;ch_postupashki_main;2026-09-06 05:36:26.226;converted;True
lead_0129;unstitched_0129;1829;camp_warmup;ch_postupashki_main;2026-08-04 03:39:52.758;unstitched;True
lead_0130;usr_0127;1878;camp_bigtech_internships;ch_postupashki_main;2026-09-05 11:53:38.737;converted;True
lead_0131;usr_0128;1875;camp_bigtech_internships;ch_postupashki_main;2026-08-31 12:23:49.889;converted;True
lead_0132;usr_0129;1833;camp_start_discount_55;ch_postupashki_main;2026-08-08 09:35:03.623;converted;True
lead_0133;unstitched_0133;1848;camp_warmup;ch_postupashki_main;2026-08-14 03:10:17.950;unstitched;True
lead_0134;usr_0131;1876;camp_warmup;ch_postupashki_main;2026-08-03 07:04:45.693;converted;True
lead_0135;usr_0132;1845;camp_warmup;ch_postupashki_main;2026-08-12 20:51:17.260;converted;True
lead_0136;unstitched_0136;1848;camp_warmup;ch_postupashki_main;2026-08-14 18:55:05.814;unstitched;True
lead_0137;unstitched_0137;1872;camp_bigtech_internships;ch_postupashki_main;2026-08-29 12:11:26.699;unstitched;True
lead_0138;usr_0135;1833;camp_start_discount_55;ch_postupashki_main;2026-08-07 19:26:02.443;converted;True
lead_0139;unstitched_0139;1869;camp_pro_ai_ml;ch_postupashki_main;2026-08-26 01:24:10.103;unstitched;True
lead_0140;unstitched_0140;1829;camp_warmup;ch_postupashki_main;2026-08-04 00:37:07.880;unstitched;True
lead_0141;unstitched_0141;1836;camp_start_discount_55;ch_postupashki_main;2026-08-08 23:40:13.219;unstitched;True
lead_0142;usr_0138;1859;camp_pro_ai_ml;ch_postupashki_main;2026-08-25 07:14:06.256;converted;True
lead_0143;usr_0139;1875;camp_bigtech_internships;ch_postupashki_main;2026-09-01 17:48:45.567;converted;True
lead_0144;usr_0140;1859;camp_pro_ai_ml;ch_postupashki_main;2026-08-24 13:31:34.528;converted;True
lead_0145;usr_0141;1859;camp_pro_ai_ml;ch_postupashki_main;2026-08-23 10:02:03.012;converted;True
lead_0146;usr_0142;1840;camp_start_discount_55;ch_postupashki_main;2026-08-11 13:03:53.686;converted;True
lead_0147;unstitched_0147;1849;camp_warmup;ch_postupashki_main;2026-08-15 19:25:51.743;unstitched;True
lead_0148;usr_0144;1869;camp_pro_ai_ml;ch_postupashki_main;2026-08-28 10:18:24.440;converted;True
lead_0149;unstitched_0149;1875;camp_bigtech_internships;ch_postupashki_main;2026-09-01 04:22:02.082;unstitched;True
lead_0150;usr_0145;1869;camp_pro_ai_ml;ch_postupashki_main;2026-08-30 08:05:24.209;converted;True
lead_0151;usr_0146;1856;camp_warmup;ch_postupashki_main;2026-08-19 14:29:04.796;converted;True
lead_0152;usr_0147;1878;camp_bigtech_internships;ch_postupashki_main;2026-09-04 12:48:27.861;converted;True
lead_0153;unstitched_0153;1859;camp_pro_ai_ml;ch_postupashki_main;2026-08-23 10:57:30.828;unstitched;True
lead_0154;usr_0149;1859;camp_pro_ai_ml;ch_postupashki_main;2026-08-23 00:39:29.765;converted;True
lead_0155;unstitched_0155;1880;camp_bigtech_internships;ch_postupashki_main;2026-09-05 23:28:00.183;unstitched;True
lead_0156;usr_0151;1878;camp_bigtech_internships;ch_postupashki_main;2026-09-06 06:49:56.180;converted;True
lead_0157;usr_0152;1837;camp_start_discount_55;ch_postupashki_main;2026-08-08 10:27:32.888;converted;True
lead_0158;unstitched_0158;1846;camp_warmup;ch_postupashki_main;2026-08-12 08:48:20.164;unstitched;True
lead_0159;usr_0154;1880;camp_bigtech_internships;ch_postupashki_main;2026-09-06 04:31:21.601;converted;True
lead_0160;usr_0155;1878;camp_bigtech_internships;ch_postupashki_main;2026-09-04 21:35:14.902;converted;True
lead_0161;usr_0155;1878;camp_bigtech_internships;ch_postupashki_main;2026-09-04 01:38:34.370;converted;True
lead_0162;usr_0156;1859;camp_pro_ai_ml;ch_postupashki_main;2026-08-21 20:44:49.185;converted;True
lead_0163;unstitched_0163;1872;camp_bigtech_internships;ch_postupashki_main;2026-08-29 18:59:00.842;unstitched;True
lead_0164;usr_0158;1837;camp_start_discount_55;ch_postupashki_main;2026-08-09 06:52:26.850;converted;True
lead_0165;usr_0159;1829;camp_warmup;ch_postupashki_main;2026-08-05 00:17:55.917;converted;True
lead_0166;usr_0160;1833;camp_start_discount_55;ch_postupashki_main;2026-08-07 14:02:36.438;converted;True
lead_0167;usr_0161;1833;camp_start_discount_55;ch_postupashki_main;2026-08-08 13:22:22.509;converted;True
lead_0168;usr_0162;1848;camp_warmup;ch_postupashki_main;2026-08-15 09:56:12.687;converted;True
lead_0169;unstitched_0169;1859;camp_pro_ai_ml;ch_postupashki_main;2026-08-24 15:19:13.090;unstitched;True
lead_0170;usr_0164;1837;camp_start_discount_55;ch_postupashki_main;2026-08-10 07:32:21.460;converted;True
lead_0171;usr_0165;1859;camp_pro_ai_ml;ch_postupashki_main;2026-08-24 08:06:26.576;converted;True
lead_0172;usr_0166;1830;camp_warmup;ch_postupashki_main;2026-08-05 14:52:18.301;converted;True
lead_0173;usr_0167;1833;camp_start_discount_55;ch_postupashki_main;2026-08-08 03:10:34.163;converted;True
lead_0174;usr_0168;1859;camp_pro_ai_ml;ch_postupashki_main;2026-08-25 03:18:18.562;converted;True
lead_0175;usr_0169;1878;camp_bigtech_internships;ch_postupashki_main;2026-09-04 09:22:20.502;converted;True
lead_0176;usr_0170;1843;camp_warmup;ch_postupashki_main;2026-08-11 00:35:41.919;converted;True
lead_0177;usr_0171;1875;camp_bigtech_internships;ch_postupashki_main;2026-08-31 09:41:04.495;converted;True
lead_0178;usr_0172;1859;camp_pro_ai_ml;ch_postupashki_main;2026-08-22 09:18:19.658;converted;True
lead_0179;usr_0173;1840;camp_start_discount_55;ch_postupashki_main;2026-08-10 03:16:42.772;converted;True
lead_0180;unstitched_0180;1878;camp_bigtech_internships;ch_postupashki_main;2026-09-04 14:38:25.769;unstitched;True
lead_0181;usr_0175;1845;camp_warmup;ch_postupashki_main;2026-08-12 08:59:56.633;converted;True
lead_0182;usr_0176;1836;camp_start_discount_55;ch_postupashki_main;2026-08-08 13:51:19.639;converted;True
lead_0183;unstitched_0183;1869;camp_pro_ai_ml;ch_postupashki_main;2026-08-27 15:39:07.434;unstitched;True
lead_0184;unstitched_0184;1859;camp_pro_ai_ml;ch_postupashki_main;2026-08-24 13:42:07.671;unstitched;True
lead_0185;usr_0179;1843;camp_warmup;ch_postupashki_main;2026-08-11 21:50:26.068;converted;True
lead_0186;usr_0180;1881;camp_bigtech_internships;ch_postupashki_main;2026-09-06 14:32:06.867;converted;True
lead_0187;usr_0181;1875;camp_bigtech_internships;ch_postupashki_main;2026-08-31 09:38:32.254;converted;True
lead_0188;usr_0182;1875;camp_bigtech_internships;ch_postupashki_main;2026-09-01 18:14:40.323;converted;True
lead_0189;unstitched_0189;1833;camp_start_discount_55;ch_postupashki_main;2026-08-08 08:02:33.388;unstitched;True
lead_0190;unstitched_0190;1836;camp_start_discount_55;ch_postupashki_main;2026-08-09 03:05:17.172;unstitched;True
lead_0191;usr_0185;1869;camp_pro_ai_ml;ch_postupashki_main;2026-08-26 04:51:59.072;converted;True
lead_0192;usr_0186;1837;camp_start_discount_55;ch_postupashki_main;2026-08-08 11:58:41.735;converted;True
lead_0193;unstitched_0193;1837;camp_start_discount_55;ch_postupashki_main;2026-08-08 04:02:16.027;unstitched;True
lead_0194;usr_0188;1878;camp_bigtech_internships;ch_postupashki_main;2026-09-05 15:43:20.229;converted;True
lead_0195;unstitched_0195;1875;camp_bigtech_internships;ch_postupashki_main;2026-08-30 16:54:29.562;unstitched;True
lead_0196;unstitched_0196;1893;camp_free_analytics_nosql;ch_postupashki_main;2026-09-08 06:29:08.089;unstitched;True
lead_0197;usr_0191;1869;camp_pro_ai_ml;ch_postupashki_main;2026-08-26 01:41:44.927;converted;True
lead_0198;usr_0192;1859;camp_pro_ai_ml;ch_postupashki_main;2026-08-22 18:20:19.861;converted;True
lead_0199;unstitched_0199;1878;camp_bigtech_internships;ch_postupashki_main;2026-09-05 14:39:48.211;unstitched;True
lead_0200;unstitched_0200;1859;camp_pro_ai_ml;ch_postupashki_main;2026-08-23 03:57:32.346;unstitched;True
lead_0201;usr_0195;1875;camp_bigtech_internships;ch_postupashki_main;2026-08-30 15:29:41.048;converted;True
lead_0202;usr_0196;1893;camp_free_analytics_nosql;ch_postupashki_main;2026-09-08 14:18:35.397;converted;True
lead_0203;usr_0197;1878;camp_bigtech_internships;ch_postupashki_main;2026-09-02 20:34:08.470;converted;True
lead_0204;usr_0198;1878;camp_bigtech_internships;ch_postupashki_main;2026-09-04 15:14:23.269;converted;True
lead_0205;unstitched_0205;1857;camp_warmup;ch_postupashki_main;2026-08-21 03:44:52.294;unstitched;True
lead_0206;usr_0200;1859;camp_pro_ai_ml;ch_postupashki_main;2026-08-20 22:01:05.515;converted;True
lead_0207;unstitched_0207;1859;camp_pro_ai_ml;ch_postupashki_main;2026-08-23 13:31:14.309;unstitched;True
lead_0208;usr_0202;1859;camp_pro_ai_ml;ch_postupashki_main;2026-08-24 21:19:37.018;converted;True
lead_0209;usr_0203;1859;camp_pro_ai_ml;ch_postupashki_main;2026-08-23 04:15:29.959;converted;True
lead_0210;usr_0204;1887;camp_free_analytics_nosql;ch_postupashki_main;2026-09-06 01:17:31.230;converted;True
lead_0211;unstitched_0211;1877;camp_bigtech_internships;ch_postupashki_main;2026-09-02 00:55:06.610;unstitched;True
lead_0212;usr_0206;1833;camp_start_discount_55;ch_postupashki_main;2026-08-08 12:45:56.084;converted;True
lead_0213;usr_0207;1833;camp_start_discount_55;ch_postupashki_main;2026-08-08 07:25:57.713;converted;True
lead_0214;usr_0208;1846;camp_warmup;ch_postupashki_main;2026-08-12 00:41:57.452;converted;True
lead_0215;usr_0209;1859;camp_pro_ai_ml;ch_postupashki_main;2026-08-23 00:28:21.261;converted;True
lead_0216;usr_0210;1878;camp_bigtech_internships;ch_postupashki_main;2026-09-04 04:25:10.401;converted;True
lead_0217;usr_0211;1859;camp_pro_ai_ml;ch_postupashki_main;2026-08-22 05:23:14.043;converted;True
lead_0218;usr_0212;1893;camp_free_analytics_nosql;ch_postupashki_main;2026-09-08 05:07:00.023;converted;True
lead_0219;usr_0213;1859;camp_pro_ai_ml;ch_postupashki_main;2026-08-22 05:20:59.278;converted;True
lead_0220;unstitched_0220;1887;camp_free_analytics_nosql;ch_postupashki_main;2026-09-07 09:13:25.786;unstitched;True
lead_0221;usr_0215;1859;camp_pro_ai_ml;ch_postupashki_main;2026-08-22 04:00:16.583;converted;True
lead_0222;usr_0216;1859;camp_pro_ai_ml;ch_postupashki_main;2026-08-22 23:48:05.349;converted;True
lead_0223;unstitched_0223;1837;camp_start_discount_55;ch_postupashki_main;2026-08-08 16:53:05.541;unstitched;True
lead_0224;unstitched_0224;1859;camp_pro_ai_ml;ch_postupashki_main;2026-08-20 20:38:51.411;unstitched;True
lead_0225;usr_0219;1869;camp_pro_ai_ml;ch_postupashki_main;2026-08-28 08:28:24.679;converted;True
lead_0226;unstitched_0226;1859;camp_pro_ai_ml;ch_postupashki_main;2026-08-21 16:04:53.001;unstitched;True
lead_0227;usr_0221;1859;camp_pro_ai_ml;ch_postupashki_main;2026-08-21 12:05:41.838;converted;True
lead_0228;usr_0222;1829;camp_warmup;ch_postupashki_main;2026-08-04 18:43:43.832;converted;True
lead_0229;usr_0223;1837;camp_start_discount_55;ch_postupashki_main;2026-08-08 21:25:51.619;converted;True
lead_0230;usr_0224;1893;camp_free_analytics_nosql;ch_postupashki_main;2026-09-09 02:20:24.009;converted;True
lead_0231;usr_0225;1829;camp_warmup;ch_postupashki_main;2026-08-04 06:51:47.617;converted;True
lead_0232;unstitched_0232;1875;camp_bigtech_internships;ch_postupashki_main;2026-08-31 12:38:38.005;unstitched;True
lead_0233;unstitched_0233;1833;camp_start_discount_55;ch_postupashki_main;2026-08-08 01:31:24.898;unstitched;True
lead_0234;usr_0228;1837;camp_start_discount_55;ch_postupashki_main;2026-08-08 01:13:01.028;converted;True
lead_0235;usr_0228;1887;camp_free_analytics_nosql;ch_postupashki_main;2026-09-05 09:26:17.746;converted;True
lead_0236;usr_0229;1846;camp_warmup;ch_postupashki_main;2026-08-12 05:44:40.503;converted;True
lead_0237;usr_0229;1859;camp_pro_ai_ml;ch_postupashki_main;2026-08-21 20:45:49.585;converted;True
lead_0238;usr_0230;1877;camp_bigtech_internships;ch_postupashki_main;2026-09-01 15:27:08.356;converted;True
lead_0239;usr_0231;1875;camp_bigtech_internships;ch_postupashki_main;2026-08-31 15:06:08.855;converted;True
lead_0240;unstitched_0240;1833;camp_start_discount_55;ch_postupashki_main;2026-08-08 09:12:11.845;unstitched;True
lead_0241;usr_0233;1833;camp_start_discount_55;ch_postupashki_main;2026-08-07 09:09:07.322;converted;True
lead_0242;usr_0234;1843;camp_warmup;ch_postupashki_main;2026-08-10 23:34:20.173;converted;True
lead_0243;usr_0235;1859;camp_pro_ai_ml;ch_postupashki_main;2026-08-21 20:43:08.065;converted;True
lead_0244;usr_0236;1869;camp_pro_ai_ml;ch_postupashki_main;2026-08-28 15:15:10.028;converted;True
lead_0245;unstitched_0245;1859;camp_pro_ai_ml;ch_postupashki_main;2026-08-21 18:39:12.368;unstitched;True
lead_0246;usr_0238;1878;camp_bigtech_internships;ch_postupashki_main;2026-09-04 07:20:09.564;converted;True
lead_0247;usr_0239;1872;camp_bigtech_internships;ch_postupashki_main;2026-08-31 07:15:38.900;converted;True
lead_0248;usr_0240;1859;camp_pro_ai_ml;ch_postupashki_main;2026-08-22 00:23:47.803;converted;True
lead_0249;usr_0241;1874;camp_pro_ai_ml;ch_postupashki_main;2026-08-30 12:28:46.299;converted;True
lead_0250;unstitched_0250;1869;camp_pro_ai_ml;ch_postupashki_main;2026-08-27 14:23:45.142;unstitched;True
lead_0251;usr_0243;1859;camp_pro_ai_ml;ch_postupashki_main;2026-08-23 08:28:47.495;converted;True
lead_0252;usr_0244;1875;camp_bigtech_internships;ch_postupashki_main;2026-08-31 19:09:45.883;converted;True
lead_0253;usr_0245;1878;camp_bigtech_internships;ch_postupashki_main;2026-09-05 07:16:23.214;converted;True
lead_0254;unstitched_0254;1887;camp_free_analytics_nosql;ch_postupashki_main;2026-09-06 01:06:21.698;unstitched;True
lead_0255;unstitched_0255;1875;camp_bigtech_internships;ch_postupashki_main;2026-08-31 03:53:03.259;unstitched;True
lead_0256;usr_0248;1859;camp_pro_ai_ml;ch_postupashki_main;2026-08-21 17:04:15.278;converted;True
lead_0257;unstitched_0257;1831;camp_warmup;ch_postupashki_main;2026-08-06 01:56:36.990;unstitched;True
lead_0258;usr_0250;1878;camp_bigtech_internships;ch_postupashki_main;2026-09-05 12:40:02.708;converted;True
lead_0259;usr_0251;1882;camp_bigtech_internships;ch_postupashki_main;2026-09-05 02:59:59.376;converted;True
lead_0260;unstitched_0260;1877;camp_bigtech_internships;ch_postupashki_main;2026-09-03 08:32:04.462;unstitched;True
lead_0261;usr_0253;1874;camp_pro_ai_ml;ch_postupashki_main;2026-08-29 22:10:42.267;converted;True
lead_0262;unstitched_0262;1887;camp_free_analytics_nosql;ch_postupashki_main;2026-09-05 22:18:52.478;unstitched;True
lead_0263;unstitched_0263;1859;camp_pro_ai_ml;ch_postupashki_main;2026-08-25 15:51:10.117;unstitched;True
lead_0264;usr_0256;1833;camp_start_discount_55;ch_postupashki_main;2026-08-08 04:03:36.523;converted;True
lead_0265;usr_0257;1859;camp_pro_ai_ml;ch_postupashki_main;2026-08-22 03:17:34.974;converted;True
lead_0266;unstitched_0266;1837;camp_start_discount_55;ch_postupashki_main;2026-08-08 15:03:50.770;unstitched;True
lead_0267;unstitched_0267;1833;camp_start_discount_55;ch_postupashki_main;2026-08-07 04:52:41.955;unstitched;True
lead_0268;unstitched_0268;1843;camp_warmup;ch_postupashki_main;2026-08-10 08:07:56.639;unstitched;True
lead_0269;unstitched_0269;1881;camp_bigtech_internships;ch_postupashki_main;2026-09-06 03:28:32.701;unstitched;True
lead_0270;usr_0262;1833;camp_start_discount_55;ch_postupashki_main;2026-08-09 02:06:41.227;converted;True
lead_0271;unstitched_0271;1859;camp_pro_ai_ml;ch_postupashki_main;2026-08-21 14:23:45.252;unstitched;True
lead_0272;usr_0263;1859;camp_pro_ai_ml;ch_postupashki_main;2026-08-23 18:45:26.244;converted;True
lead_0273;usr_0264;1875;camp_bigtech_internships;ch_postupashki_main;2026-09-02 00:47:55.868;converted;True
lead_0274;usr_0265;1833;camp_start_discount_55;ch_postupashki_main;2026-08-07 07:51:37.815;converted;True
lead_0275;usr_0266;1875;camp_bigtech_internships;ch_postupashki_main;2026-08-31 22:15:25.728;converted;True
lead_0276;usr_0267;1872;camp_bigtech_internships;ch_postupashki_main;2026-08-29 15:23:07.890;converted;True
lead_0277;usr_0268;1859;camp_pro_ai_ml;ch_postupashki_main;2026-08-23 09:30:58.295;converted;True
lead_0278;unstitched_0278;1859;camp_pro_ai_ml;ch_postupashki_main;2026-08-25 02:28:13.699;unstitched;True
lead_0279;usr_0270;1878;camp_bigtech_internships;ch_postupashki_main;2026-09-05 11:47:40.971;converted;True
lead_0280;unstitched_0280;1877;camp_bigtech_internships;ch_postupashki_main;2026-09-02 06:46:33.624;unstitched;True
lead_0281;unstitched_0281;1875;camp_bigtech_internships;ch_postupashki_main;2026-08-31 07:34:06.464;unstitched;True
lead_0282;usr_0273;1877;camp_bigtech_internships;ch_postupashki_main;2026-09-03 06:36:50.043;converted;True
lead_0283;usr_0274;1874;camp_pro_ai_ml;ch_postupashki_main;2026-08-29 18:53:55.927;converted;True
lead_0284;usr_0275;1844;camp_warmup;ch_postupashki_main;2026-08-12 12:17:42.243;converted;True
lead_0285;unstitched_0285;1878;camp_bigtech_internships;ch_postupashki_main;2026-09-05 18:36:53.175;unstitched;True
lead_0286;usr_0276;1848;camp_warmup;ch_postupashki_main;2026-08-13 22:53:28.910;converted;True
lead_0287;usr_0277;1859;camp_pro_ai_ml;ch_postupashki_main;2026-08-21 05:10:35.930;converted;True
lead_0288;unstitched_0288;1881;camp_bigtech_internships;ch_postupashki_main;2026-09-04 19:53:27.110;unstitched;True
lead_0289;usr_0279;1833;camp_start_discount_55;ch_postupashki_main;2026-08-07 13:15:27.374;converted;True
lead_0290;usr_0280;1829;camp_warmup;ch_postupashki_main;2026-08-05 03:28:47.049;converted;True
lead_0291;usr_0281;1840;camp_start_discount_55;ch_postupashki_main;2026-08-09 12:58:26.488;converted;True
lead_0292;usr_0282;1837;camp_start_discount_55;ch_postupashki_main;2026-08-09 02:28:52.228;converted;True
lead_0293;usr_0283;1893;camp_free_analytics_nosql;ch_postupashki_main;2026-09-09 01:16:56.361;converted;True
lead_0294;usr_0284;1869;camp_pro_ai_ml;ch_postupashki_main;2026-08-30 04:53:22.551;converted;True
lead_0295;usr_0285;1869;camp_pro_ai_ml;ch_postupashki_main;2026-08-30 00:14:27.064;converted;True
lead_0296;usr_0286;1836;camp_start_discount_55;ch_postupashki_main;2026-08-08 09:09:22.993;converted;True
lead_0297;usr_0287;1855;camp_warmup;ch_postupashki_main;2026-08-18 14:31:20.096;converted;True
lead_0298;unstitched_0298;1875;camp_bigtech_internships;ch_postupashki_main;2026-09-01 09:40:37.690;unstitched;True
lead_0299;usr_0289;1869;camp_pro_ai_ml;ch_postupashki_main;2026-08-28 07:18:54.478;converted;True
lead_0300;usr_0290;1859;camp_pro_ai_ml;ch_postupashki_main;2026-08-23 13:57:47.030;converted;True
lead_0301;usr_0291;1830;camp_warmup;ch_postupashki_main;2026-08-05 20:00:38.515;converted;True
lead_0302;usr_0292;1880;camp_bigtech_internships;ch_postupashki_main;2026-09-06 07:49:30.531;converted;True
lead_0303;usr_0293;1859;camp_pro_ai_ml;ch_postupashki_main;2026-08-21 12:56:11.232;converted;True
lead_0304;usr_0294;1830;camp_warmup;ch_postupashki_main;2026-08-05 16:32:16.540;converted;True
lead_0305;usr_0295;1830;camp_warmup;ch_postupashki_main;2026-08-05 00:48:00.195;converted;True
lead_0306;usr_0296;1875;camp_bigtech_internships;ch_postupashki_main;2026-08-30 20:12:22.761;converted;True
lead_0307;usr_0297;1859;camp_pro_ai_ml;ch_postupashki_main;2026-08-22 12:35:33.372;converted;True
lead_0308;unstitched_0308;1859;camp_pro_ai_ml;ch_postupashki_main;2026-08-21 22:31:22.390;unstitched;True
lead_0309;usr_0299;1859;camp_pro_ai_ml;ch_postupashki_main;2026-08-24 02:57:31.302;converted;True
lead_0310;unstitched_0310;1881;camp_bigtech_internships;ch_postupashki_main;2026-09-05 05:47:54.460;unstitched;True
lead_0311;usr_0301;1875;camp_bigtech_internships;ch_postupashki_main;2026-08-31 10:06:53.094;converted;True
lead_0312;usr_0302;1878;camp_bigtech_internships;ch_postupashki_main;2026-09-03 15:34:25.711;converted;True
lead_0313;usr_0303;1878;camp_bigtech_internships;ch_postupashki_main;2026-09-03 21:01:31.812;converted;True
lead_0314;usr_0304;1840;camp_start_discount_55;ch_postupashki_main;2026-08-10 03:44:47.917;converted;True
lead_0315;usr_0305;1872;camp_bigtech_internships;ch_postupashki_main;2026-08-31 04:11:26.669;converted;True
lead_0316;unstitched_0316;1881;camp_bigtech_internships;ch_postupashki_main;2026-09-04 21:14:30.003;unstitched;True
lead_0317;usr_0307;1859;camp_pro_ai_ml;ch_postupashki_main;2026-08-22 13:39:23.398;converted;True
lead_0318;usr_0308;1833;camp_start_discount_55;ch_postupashki_main;2026-08-07 16:03:34.828;converted;True
lead_0319;usr_0309;1878;camp_bigtech_internships;ch_postupashki_main;2026-09-04 21:31:53.991;converted;True
lead_0320;usr_0310;1881;camp_bigtech_internships;ch_postupashki_main;2026-09-05 21:54:05.520;converted;True
lead_0321;usr_0311;1840;camp_start_discount_55;ch_postupashki_main;2026-08-11 00:07:25.205;converted;True
lead_0322;usr_0312;1859;camp_pro_ai_ml;ch_postupashki_main;2026-08-22 17:35:40.448;converted;True
lead_0323;usr_0313;1831;camp_warmup;ch_postupashki_main;2026-08-05 17:07:31.784;converted;True
lead_0324;usr_0314;1869;camp_pro_ai_ml;ch_postupashki_main;2026-08-27 09:49:31.888;converted;True
lead_0325;unstitched_0325;1859;camp_pro_ai_ml;ch_postupashki_main;2026-08-22 16:14:48.580;unstitched;True
lead_0326;usr_0316;1847;camp_warmup;ch_postupashki_main;2026-08-13 10:44:23.573;converted;True
lead_0327;usr_0317;1878;camp_bigtech_internships;ch_postupashki_main;2026-09-03 01:14:05.641;converted;True
lead_0328;usr_0318;1877;camp_bigtech_internships;ch_postupashki_main;2026-09-03 10:23:51.413;converted;True
lead_0329;usr_0319;1836;camp_start_discount_55;ch_postupashki_main;2026-08-08 23:21:12.475;converted;True
lead_0330;usr_0320;1833;camp_start_discount_55;ch_postupashki_main;2026-08-07 16:04:55.311;converted;True
lead_0331;usr_0321;1836;camp_start_discount_55;ch_postupashki_main;2026-08-07 17:02:16.620;converted;True
lead_0332;usr_0322;1869;camp_pro_ai_ml;ch_postupashki_main;2026-08-28 01:54:48.227;converted;True
lead_0333;usr_0323;1837;camp_start_discount_55;ch_postupashki_main;2026-08-09 10:45:05.234;converted;True
lead_0334;usr_0324;1875;camp_bigtech_internships;ch_postupashki_main;2026-08-31 10:49:23.712;converted;True
lead_0335;usr_0325;1830;camp_warmup;ch_postupashki_main;2026-08-05 21:17:18.897;converted;True
lead_0336;usr_0326;1878;camp_bigtech_internships;ch_postupashki_main;2026-09-02 15:46:53.290;converted;True
lead_0337;usr_0327;1880;camp_bigtech_internships;ch_postupashki_main;2026-09-05 11:06:30.673;converted;True
lead_0338;usr_0328;1878;camp_bigtech_internships;ch_postupashki_main;2026-09-03 11:48:07.538;converted;True
lead_0339;usr_0329;1836;camp_start_discount_55;ch_postupashki_main;2026-08-08 21:09:49.833;converted;True
lead_0340;unstitched_0340;1877;camp_bigtech_internships;ch_postupashki_main;2026-09-01 21:29:32.194;unstitched;True
lead_0341;unstitched_0341;1836;camp_start_discount_55;ch_postupashki_main;2026-08-09 03:23:51.842;unstitched;True
lead_0342;usr_0332;1843;camp_warmup;ch_postupashki_main;2026-08-10 22:18:30.567;converted;True
lead_0343;unstitched_0343;1833;camp_start_discount_55;ch_postupashki_main;2026-08-07 15:15:08.719;unstitched;True
lead_0344;usr_0334;1831;camp_warmup;ch_postupashki_main;2026-08-06 21:06:41.537;converted;True
lead_0345;unstitched_0345;1836;camp_start_discount_55;ch_postupashki_main;2026-08-09 06:20:14.198;unstitched;True
lead_0346;usr_0336;1836;camp_start_discount_55;ch_postupashki_main;2026-08-08 16:48:57.155;converted;True
lead_0347;usr_0337;1893;camp_free_analytics_nosql;ch_postupashki_main;2026-09-09 03:17:43.273;converted;True
lead_0348;usr_0338;1859;camp_pro_ai_ml;ch_postupashki_main;2026-08-22 01:05:40.089;converted;True
lead_0349;usr_0339;1840;camp_start_discount_55;ch_postupashki_main;2026-08-10 08:03:20.493;converted;True
lead_0350;usr_0340;1869;camp_pro_ai_ml;ch_postupashki_main;2026-08-28 09:53:03.095;converted;True
lead_0351;usr_0341;1859;camp_pro_ai_ml;ch_postupashki_main;2026-08-23 08:32:55.458;converted;True
lead_0352;usr_0342;1844;camp_warmup;ch_postupashki_main;2026-08-13 02:29:31.037;converted;True
lead_0353;usr_0343;1875;camp_bigtech_internships;ch_postupashki_main;2026-08-30 19:36:12.729;converted;True
lead_0354;usr_0344;1880;camp_bigtech_internships;ch_postupashki_main;2026-09-04 23:45:01.244;converted;True
lead_0355;usr_0345;1877;camp_bigtech_internships;ch_postupashki_main;2026-09-02 07:31:24.739;converted;True
lead_0356;unstitched_0356;1854;camp_warmup;ch_postupashki_main;2026-08-17 05:15:22.925;unstitched;True
lead_0357;usr_0347;1882;camp_bigtech_internships;ch_postupashki_main;2026-09-05 22:13:44.517;converted;True
lead_0358;usr_0348;1844;camp_warmup;ch_postupashki_main;2026-08-10 22:36:04.669;converted;True
lead_0359;unstitched_0359;1893;camp_free_analytics_nosql;ch_postupashki_main;2026-09-07 17:48:53.447;unstitched;True
lead_0360;usr_0350;1878;camp_bigtech_internships;ch_postupashki_main;2026-09-04 06:51:52.223;converted;True
lead_0361;unstitched_0361;1856;camp_warmup;ch_postupashki_main;2026-08-20 01:41:20.365;unstitched;True
lead_0362;usr_0352;1877;camp_bigtech_internships;ch_postupashki_main;2026-09-02 04:32:08.386;converted;True
lead_0363;usr_0353;1859;camp_pro_ai_ml;ch_postupashki_main;2026-08-20 19:05:24.571;converted;True
lead_0364;usr_0354;1878;camp_bigtech_internships;ch_postupashki_main;2026-09-02 23:24:45.771;converted;True
lead_0365;usr_0355;1875;camp_bigtech_internships;ch_postupashki_main;2026-09-02 05:48:55.414;converted;True
lead_0366;usr_0356;1836;camp_start_discount_55;ch_postupashki_main;2026-08-07 22:30:58.957;converted;True
lead_0367;usr_0357;1859;camp_pro_ai_ml;ch_postupashki_main;2026-08-23 01:11:30.330;converted;True
lead_0368;usr_0358;1893;camp_free_analytics_nosql;ch_postupashki_main;2026-09-07 12:16:50.668;converted;True
lead_0369;usr_0359;1882;camp_bigtech_internships;ch_postupashki_main;2026-09-05 03:17:44.375;converted;True
lead_0370;usr_0360;1859;camp_pro_ai_ml;ch_postupashki_main;2026-08-23 02:14:23.003;converted;True
lead_0371;usr_0361;1853;camp_warmup;ch_postupashki_main;2026-08-16 19:43:48.864;converted;True
lead_0372;unstitched_0372;1878;camp_bigtech_internships;ch_postupashki_main;2026-09-04 14:14:42.710;unstitched;True
lead_0373;usr_0363;1878;camp_bigtech_internships;ch_postupashki_main;2026-09-02 11:12:03.982;converted;True
lead_0374;usr_0364;1844;camp_warmup;ch_postupashki_main;2026-08-11 21:28:12.856;converted;True
lead_0375;unstitched_0375;1836;camp_start_discount_55;ch_postupashki_main;2026-08-08 09:54:46.931;unstitched;True
lead_0376;usr_0366;1881;camp_bigtech_internships;ch_postupashki_main;2026-09-04 18:08:17.405;converted;True
lead_0377;usr_0367;1859;camp_pro_ai_ml;ch_postupashki_main;2026-08-23 01:33:48.970;converted;True
lead_0378;usr_0368;1859;camp_pro_ai_ml;ch_postupashki_main;2026-08-23 00:02:00.938;converted;True
lead_0379;usr_0369;1837;camp_start_discount_55;ch_postupashki_main;2026-08-08 16:49:01.383;converted;True
lead_0380;unstitched_0380;1833;camp_start_discount_55;ch_postupashki_main;2026-08-07 00:06:44.352;unstitched;True
lead_0381;usr_0370;1859;camp_pro_ai_ml;ch_postupashki_main;2026-08-21 19:35:08.626;converted;True
lead_0382;usr_0371;1836;camp_start_discount_55;ch_postupashki_main;2026-08-08 05:19:13.287;converted;True
lead_0383;usr_0372;1859;camp_pro_ai_ml;ch_postupashki_main;2026-08-21 11:24:38.665;converted;True
lead_0384;unstitched_0384;1859;camp_pro_ai_ml;ch_postupashki_main;2026-08-21 00:46:07.254;unstitched;True
lead_0385;usr_0374;1837;camp_start_discount_55;ch_postupashki_main;2026-08-08 03:35:51.264;converted;True
lead_0386;usr_0375;1878;camp_bigtech_internships;ch_postupashki_main;2026-09-02 21:32:28.272;converted;True
lead_0387;usr_0376;1877;camp_bigtech_internships;ch_postupashki_main;2026-09-02 20:02:42.990;converted;True
lead_0388;unstitched_0388;1878;camp_bigtech_internships;ch_postupashki_main;2026-09-05 11:21:25.971;unstitched;True
lead_0389;usr_0378;1878;camp_bigtech_internships;ch_postupashki_main;2026-09-03 04:12:01.865;converted;True
lead_0390;unstitched_0390;1878;camp_bigtech_internships;ch_postupashki_main;2026-09-03 04:36:52.821;unstitched;True
lead_0391;usr_0380;1836;camp_start_discount_55;ch_postupashki_main;2026-08-08 14:48:42.024;converted;True
lead_0392;usr_0381;1893;camp_free_analytics_nosql;ch_postupashki_main;2026-09-08 21:31:51.238;converted;True
lead_0393;usr_0382;1837;camp_start_discount_55;ch_postupashki_main;2026-08-07 23:16:52.165;converted;True
lead_0394;usr_0383;1878;camp_bigtech_internships;ch_postupashki_main;2026-09-03 18:20:37.940;converted;True
lead_0395;usr_0384;1878;camp_bigtech_internships;ch_postupashki_main;2026-09-02 23:07:29.659;converted;True
lead_0396;usr_0385;1875;camp_bigtech_internships;ch_postupashki_main;2026-09-01 09:44:23.912;converted;True
lead_0397;usr_0386;1855;camp_warmup;ch_postupashki_main;2026-08-18 08:09:27.943;converted;True
lead_0398;usr_0387;1872;camp_bigtech_internships;ch_postupashki_main;2026-08-29 15:10:17.635;converted;True
lead_0399;unstitched_0399;1843;camp_warmup;ch_postupashki_main;2026-08-11 09:54:37.465;unstitched;True
lead_0400;usr_0389;1833;camp_start_discount_55;ch_postupashki_main;2026-08-07 13:56:45.105;converted;True
lead_0401;unstitched_0401;1838;camp_start_discount_55;ch_postupashki_main;2026-08-10 11:02:13.394;unstitched;True
lead_0402;usr_0390;1875;camp_bigtech_internships;ch_postupashki_main;2026-08-30 20:52:33.814;converted;True
lead_0403;usr_0391;1847;camp_warmup;ch_postupashki_main;2026-08-13 07:18:24.635;converted;True
lead_0404;unstitched_0404;1856;camp_warmup;ch_postupashki_main;2026-08-18 16:44:10.808;unstitched;True
lead_0405;usr_0393;1869;camp_pro_ai_ml;ch_postupashki_main;2026-08-29 03:25:58.123;converted;True
lead_0406;unstitched_0406;1878;camp_bigtech_internships;ch_postupashki_main;2026-09-03 17:52:01.444;unstitched;True
lead_0407;usr_0395;1877;camp_bigtech_internships;ch_postupashki_main;2026-09-01 15:01:45.553;converted;True
lead_0408;unstitched_0408;1882;camp_bigtech_internships;ch_postupashki_main;2026-09-05 17:52:29.601;unstitched;True
lead_0409;usr_0397;1878;camp_bigtech_internships;ch_postupashki_main;2026-09-04 15:17:03.743;converted;True
lead_0410;usr_0398;1878;camp_bigtech_internships;ch_postupashki_main;2026-09-05 01:21:20.627;converted;True
lead_0411;unstitched_0411;1882;camp_bigtech_internships;ch_postupashki_main;2026-09-06 17:49:29.262;unstitched;True
lead_0412;usr_0400;1836;camp_start_discount_55;ch_postupashki_main;2026-08-08 20:29:18.857;converted;True
lead_0413;usr_0401;1833;camp_start_discount_55;ch_postupashki_main;2026-08-07 02:02:55.430;converted;True
lead_0414;usr_0402;1836;camp_start_discount_55;ch_postupashki_main;2026-08-09 00:07:15.518;converted;True
lead_0415;unstitched_0415;1877;camp_bigtech_internships;ch_postupashki_main;2026-09-02 19:14:52.724;unstitched;True
lead_0416;usr_0403;1872;camp_bigtech_internships;ch_postupashki_main;2026-08-30 12:02:51.234;converted;True
lead_0417;usr_0404;1877;camp_bigtech_internships;ch_postupashki_main;2026-09-02 10:12:35.322;converted;True
lead_0418;usr_0405;1878;camp_bigtech_internships;ch_postupashki_main;2026-09-04 17:48:03.814;converted;True
lead_0419;unstitched_0419;1878;camp_bigtech_internships;ch_postupashki_main;2026-09-04 19:53:10.952;unstitched;True
lead_0420;usr_0407;1893;camp_free_analytics_nosql;ch_postupashki_main;2026-09-08 16:28:20.882;converted;True
lead_0421;usr_0408;1837;camp_start_discount_55;ch_postupashki_main;2026-08-09 07:11:30.477;converted;True
lead_0422;usr_0409;1878;camp_bigtech_internships;ch_postupashki_main;2026-09-01 23:48:42.902;converted;True
lead_0423;usr_0410;1833;camp_start_discount_55;ch_postupashki_main;2026-08-07 20:21:50.598;converted;True
lead_0424;usr_0411;1869;camp_pro_ai_ml;ch_postupashki_main;2026-08-28 11:30:21.877;converted;True
lead_0425;usr_0412;1833;camp_start_discount_55;ch_postupashki_main;2026-08-07 09:07:52.855;converted;True
lead_0426;usr_0413;1855;camp_warmup;ch_postupashki_main;2026-08-17 07:25:53.688;converted;True
lead_0427;usr_0414;1878;camp_bigtech_internships;ch_postupashki_main;2026-09-03 21:12:45.214;converted;True
lead_0428;usr_0415;1833;camp_start_discount_55;ch_postupashki_main;2026-08-08 18:53:57.638;converted;True
lead_0429;usr_0416;1878;camp_bigtech_internships;ch_postupashki_main;2026-09-04 22:08:19.273;converted;True
lead_0430;usr_0417;1840;camp_start_discount_55;ch_postupashki_main;2026-08-11 06:46:36.098;converted;True
lead_0431;unstitched_0431;1859;camp_pro_ai_ml;ch_postupashki_main;2026-08-25 05:45:26.529;unstitched;True
lead_0432;usr_0419;1875;camp_bigtech_internships;ch_postupashki_main;2026-09-01 12:23:54.943;converted;True
lead_0433;usr_0420;1848;camp_warmup;ch_postupashki_main;2026-08-13 16:58:48.856;converted;True
lead_0434;usr_0421;1833;camp_start_discount_55;ch_postupashki_main;2026-08-08 10:52:34.760;converted;True
lead_0435;unstitched_0435;1875;camp_bigtech_internships;ch_postupashki_main;2026-08-31 18:02:02.264;unstitched;True
lead_0436;usr_0423;1875;camp_bigtech_internships;ch_postupashki_main;2026-08-31 23:01:28.001;converted;True
lead_0437;usr_0424;1859;camp_pro_ai_ml;ch_postupashki_main;2026-08-22 21:32:53.178;converted;True
lead_0438;usr_0425;1859;camp_pro_ai_ml;ch_postupashki_main;2026-08-23 22:43:17.981;converted;True
lead_0439;unstitched_0439;1844;camp_warmup;ch_postupashki_main;2026-08-12 01:28:12.069;unstitched;True
lead_0440;usr_0427;1833;camp_start_discount_55;ch_postupashki_main;2026-08-08 07:57:48.310;converted;True
lead_0441;usr_0428;1878;camp_bigtech_internships;ch_postupashki_main;2026-09-03 09:58:59.748;converted;True
lead_0442;usr_0429;1893;camp_free_analytics_nosql;ch_postupashki_main;2026-09-08 07:10:30.828;converted;True
lead_0443;unstitched_0443;1876;camp_warmup;ch_postupashki_main;2026-08-04 04:14:36.243;unstitched;True
lead_0444;usr_0430;1859;camp_pro_ai_ml;ch_postupashki_main;2026-08-23 04:06:15.473;converted;True
lead_0445;usr_0431;1878;camp_bigtech_internships;ch_postupashki_main;2026-09-05 03:02:44.265;converted;True
lead_0446;unstitched_0446;1869;camp_pro_ai_ml;ch_postupashki_main;2026-08-28 02:26:54.158;unstitched;True
lead_0447;unstitched_0447;1869;camp_pro_ai_ml;ch_postupashki_main;2026-08-29 14:51:08.547;unstitched;True
lead_0448;usr_0433;1837;camp_start_discount_55;ch_postupashki_main;2026-08-09 09:02:33.657;converted;True
lead_0449;usr_0434;1881;camp_bigtech_internships;ch_postupashki_main;2026-09-04 20:15:38.980;converted;True
lead_0450;usr_0435;1836;camp_start_discount_55;ch_postupashki_main;2026-08-09 11:12:44.957;converted;True
lead_0451;usr_0436;1859;camp_pro_ai_ml;ch_postupashki_main;2026-08-23 12:50:02.751;converted;True
lead_0452;usr_0437;1876;camp_warmup;ch_postupashki_main;2026-08-03 04:44:20.368;converted;True
lead_0453;usr_0437;1876;camp_warmup;ch_postupashki_main;2026-08-02 14:37:39.946;converted;True
lead_0454;unstitched_0454;1859;camp_pro_ai_ml;ch_postupashki_main;2026-08-21 15:20:03.504;unstitched;True
lead_0455;usr_0437;1869;camp_pro_ai_ml;ch_postupashki_main;2026-08-29 21:25:58.045;converted;True
lead_0456;usr_0438;1893;camp_free_analytics_nosql;ch_postupashki_main;2026-09-08 23:48:40.632;converted;True
lead_0457;usr_0439;1837;camp_start_discount_55;ch_postupashki_main;2026-08-09 00:05:56.548;converted;True
lead_0458;usr_0440;1859;camp_pro_ai_ml;ch_postupashki_main;2026-08-23 05:50:12.391;converted;True
lead_0459;usr_0441;1848;camp_warmup;ch_postupashki_main;2026-08-14 12:05:51.700;converted;True
lead_0460;unstitched_0460;1846;camp_warmup;ch_postupashki_main;2026-08-14 03:46:37.851;unstitched;True
lead_0461;unstitched_0461;1876;camp_warmup;ch_postupashki_main;2026-08-03 10:20:04.641;unstitched;True
lead_0462;unstitched_0462;1893;camp_free_analytics_nosql;ch_postupashki_main;2026-09-08 02:10:31.491;unstitched;True
lead_0463;usr_0445;1837;camp_start_discount_55;ch_postupashki_main;2026-08-09 22:32:57.193;converted;True
lead_0464;usr_0446;1837;camp_start_discount_55;ch_postupashki_main;2026-08-09 06:35:25.491;converted;True
lead_0465;usr_0447;1859;camp_pro_ai_ml;ch_postupashki_main;2026-08-23 00:39:41.404;converted;True
lead_0466;usr_0448;1847;camp_warmup;ch_postupashki_main;2026-08-12 22:08:59.804;converted;True
lead_0467;unstitched_0467;1881;camp_bigtech_internships;ch_postupashki_main;2026-09-05 15:45:57.221;unstitched;True
lead_0468;usr_0450;1877;camp_bigtech_internships;ch_postupashki_main;2026-09-02 16:18:42.600;converted;True
lead_0469;usr_0451;1833;camp_start_discount_55;ch_postupashki_main;2026-08-06 20:26:26.642;converted;True
lead_0470;usr_0452;1859;camp_pro_ai_ml;ch_postupashki_main;2026-08-24 17:03:47.412;converted;True
lead_0471;usr_0453;1840;camp_start_discount_55;ch_postupashki_main;2026-08-10 14:05:06.082;converted;True
lead_0472;usr_0454;1887;camp_free_analytics_nosql;ch_postupashki_main;2026-09-05 12:33:33.687;converted;True
lead_0473;usr_0455;1859;camp_pro_ai_ml;ch_postupashki_main;2026-08-25 06:22:49.506;converted;True
lead_0474;usr_0456;1893;camp_free_analytics_nosql;ch_postupashki_main;2026-09-06 22:39:38.846;converted;True
lead_0475;unstitched_0475;1833;camp_start_discount_55;ch_postupashki_main;2026-08-08 05:11:48.703;unstitched;True
lead_0476;usr_0458;1859;camp_pro_ai_ml;ch_postupashki_main;2026-08-21 03:43:12.795;converted;True
lead_0477;usr_0459;1831;camp_warmup;ch_postupashki_main;2026-08-05 15:32:29.499;converted;True
lead_0478;usr_0460;1843;camp_warmup;ch_postupashki_main;2026-08-11 18:12:12.961;converted;True
lead_0479;usr_0461;1878;camp_bigtech_internships;ch_postupashki_main;2026-09-05 11:48:38.358;converted;True
lead_0480;usr_0462;1836;camp_start_discount_55;ch_postupashki_main;2026-08-08 05:04:06.712;converted;True
lead_0481;usr_0463;1859;camp_pro_ai_ml;ch_postupashki_main;2026-08-24 07:55:37.663;converted;True
lead_0482;usr_0464;1838;camp_start_discount_55;ch_postupashki_main;2026-08-09 23:13:00.182;converted;True
lead_0483;usr_0465;1887;camp_free_analytics_nosql;ch_postupashki_main;2026-09-06 14:38:23.176;converted;True
lead_0484;unstitched_0484;1859;camp_pro_ai_ml;ch_postupashki_main;2026-08-25 22:58:46.006;unstitched;True
lead_0485;usr_0467;1837;camp_start_discount_55;ch_postupashki_main;2026-08-09 14:33:22.272;converted;True
lead_0486;usr_0468;1855;camp_warmup;ch_postupashki_main;2026-08-17 10:08:20.408;converted;True
lead_0487;unstitched_0487;1833;camp_start_discount_55;ch_postupashki_main;2026-08-08 08:39:16.088;unstitched;True
lead_0488;usr_0470;1836;camp_start_discount_55;ch_postupashki_main;2026-08-09 04:04:29.924;converted;True
lead_0489;usr_0471;1878;camp_bigtech_internships;ch_postupashki_main;2026-09-04 14:47:49.752;converted;True
lead_0490;usr_0472;1880;camp_bigtech_internships;ch_postupashki_main;2026-09-05 08:42:06.190;converted;True
lead_0491;usr_0473;1833;camp_start_discount_55;ch_postupashki_main;2026-08-07 00:43:17.655;converted;True
lead_0492;usr_0474;1846;camp_warmup;ch_postupashki_main;2026-08-14 02:44:38.687;converted;True
lead_0493;unstitched_0493;1859;camp_pro_ai_ml;ch_postupashki_main;2026-08-23 14:59:13.869;unstitched;True
lead_0494;usr_0476;1836;camp_start_discount_55;ch_postupashki_main;2026-08-08 16:47:54.214;converted;True
lead_0495;usr_0477;1830;camp_warmup;ch_postupashki_main;2026-08-04 23:22:56.888;converted;True
lead_0496;unstitched_0496;1854;camp_warmup;ch_postupashki_main;2026-08-17 05:27:08.357;unstitched;True
lead_0497;usr_0478;1837;camp_start_discount_55;ch_postupashki_main;2026-08-08 19:29:27.971;converted;True
lead_0498;usr_0479;1848;camp_warmup;ch_postupashki_main;2026-08-16 04:21:46.313;converted;True
lead_0499;unstitched_0499;1876;camp_warmup;ch_postupashki_main;2026-08-04 08:51:29.288;unstitched;True
lead_0500;unstitched_0500;1831;camp_warmup;ch_postupashki_main;2026-08-06 15:12:09.823;unstitched;True
lead_0501;usr_0482;1848;camp_warmup;ch_postupashki_main;2026-08-14 14:02:06.360;converted;True
lead_0502;unstitched_0502;1869;camp_pro_ai_ml;ch_postupashki_main;2026-08-28 08:13:59.549;unstitched;True
lead_0503;unstitched_0503;1848;camp_warmup;ch_postupashki_main;2026-08-14 11:20:00.854;unstitched;True
lead_0504;usr_0485;1859;camp_pro_ai_ml;ch_postupashki_main;2026-08-20 23:07:16.096;converted;True
lead_0505;usr_0486;1875;camp_bigtech_internships;ch_postupashki_main;2026-09-01 09:28:41.296;converted;True
lead_0506;usr_0487;1878;camp_bigtech_internships;ch_postupashki_main;2026-09-03 11:37:03.573;converted;True
lead_0507;unstitched_0507;1836;camp_start_discount_55;ch_postupashki_main;2026-08-09 13:44:57.984;unstitched;True
lead_0508;unstitched_0508;1859;camp_pro_ai_ml;ch_postupashki_main;2026-08-22 12:18:12.985;unstitched;True
lead_0509;usr_0490;1878;camp_bigtech_internships;ch_postupashki_main;2026-09-03 06:20:07.667;converted;True
lead_0510;unstitched_0510;1887;camp_free_analytics_nosql;ch_postupashki_main;2026-09-07 06:29:10.340;unstitched;True
lead_0511;usr_0492;1856;camp_warmup;ch_postupashki_main;2026-08-19 23:23:20.548;converted;True
lead_0512;unstitched_0512;1875;camp_bigtech_internships;ch_postupashki_main;2026-08-31 18:06:29.945;unstitched;True
lead_0513;unstitched_0513;1878;camp_bigtech_internships;ch_postupashki_main;2026-09-04 19:58:36.955;unstitched;True
lead_0514;unstitched_0514;1875;camp_bigtech_internships;ch_postupashki_main;2026-08-30 17:48:43.242;unstitched;True
lead_0515;usr_0496;1859;camp_pro_ai_ml;ch_postupashki_main;2026-08-20 23:04:04.502;converted;True
lead_0516;usr_0497;1872;camp_bigtech_internships;ch_postupashki_main;2026-08-30 07:09:45.137;converted;True
lead_0517;usr_0498;1838;camp_start_discount_55;ch_postupashki_main;2026-08-10 11:30:53.083;converted;True
lead_0518;usr_0499;1893;camp_free_analytics_nosql;ch_postupashki_main;2026-09-07 03:41:01.939;converted;True
lead_0519;usr_0500;1837;camp_start_discount_55;ch_postupashki_main;2026-08-09 02:17:10.462;converted;True
lead_0520;usr_0501;1856;camp_warmup;ch_postupashki_main;2026-08-19 22:17:24.875;converted;True
lead_0521;usr_0502;1878;camp_bigtech_internships;ch_postupashki_main;2026-09-03 20:01:34.641;converted;True
lead_0522;usr_0503;1872;camp_bigtech_internships;ch_postupashki_main;2026-08-30 08:15:31.179;converted;True
lead_0523;unstitched_0523;1877;camp_bigtech_internships;ch_postupashki_main;2026-09-02 00:31:04.949;unstitched;True
lead_0524;usr_0505;1840;camp_start_discount_55;ch_postupashki_main;2026-08-11 15:51:16.388;converted;True
lead_0525;unstitched_0525;1869;camp_pro_ai_ml;ch_postupashki_main;2026-08-27 10:29:07.216;unstitched;True
lead_0526;unstitched_0526;1833;camp_start_discount_55;ch_postupashki_main;2026-08-07 18:21:09.837;unstitched;True
lead_0527;unstitched_0527;1837;camp_start_discount_55;ch_postupashki_main;2026-08-08 07:00:52.877;unstitched;True
lead_0528;unstitched_0528;1877;camp_bigtech_internships;ch_postupashki_main;2026-09-02 15:00:31.561;unstitched;True
lead_0529;unstitched_0529;1887;camp_free_analytics_nosql;ch_postupashki_main;2026-09-06 20:58:04.289;unstitched;True
lead_0530;usr_0510;1878;camp_bigtech_internships;ch_postupashki_main;2026-09-04 04:05:08.076;converted;True
lead_0531;unstitched_0531;1833;camp_start_discount_55;ch_postupashki_main;2026-08-06 18:14:35.077;unstitched;True
lead_0532;unstitched_0532;1833;camp_start_discount_55;ch_postupashki_main;2026-08-07 20:05:05.860;unstitched;True
lead_0533;usr_0513;1859;camp_pro_ai_ml;ch_postupashki_main;2026-08-22 05:54:11.075;converted;True
lead_0534;usr_0514;1859;camp_pro_ai_ml;ch_postupashki_main;2026-08-23 03:36:35.780;converted;True
lead_0535;usr_0515;1878;camp_bigtech_internships;ch_postupashki_main;2026-09-04 21:39:35.163;converted;True
lead_0536;usr_0516;1833;camp_start_discount_55;ch_postupashki_main;2026-08-08 05:01:02.569;converted;True
lead_0537;usr_0517;1878;camp_bigtech_internships;ch_postupashki_main;2026-09-05 10:57:38.730;converted;True
lead_0538;unstitched_0538;1833;camp_start_discount_55;ch_postupashki_main;2026-08-07 15:31:17.786;unstitched;True
lead_0539;usr_0519;1837;camp_start_discount_55;ch_postupashki_main;2026-08-09 07:12:50.680;converted;True
lead_0540;usr_0520;1833;camp_start_discount_55;ch_postupashki_main;2026-08-07 11:48:33.568;converted;True
lead_0541;unstitched_0541;1843;camp_warmup;ch_postupashki_main;2026-08-12 09:09:42.658;unstitched;True
lead_0542;usr_0522;1853;camp_warmup;ch_postupashki_main;2026-08-15 22:05:10.182;converted;True
lead_0543;unstitched_0543;1875;camp_bigtech_internships;ch_postupashki_main;2026-09-01 12:02:43.664;unstitched;True
lead_0544;usr_0524;1875;camp_bigtech_internships;ch_postupashki_main;2026-09-01 03:02:58.856;converted;True
lead_0545;unstitched_0545;1859;camp_pro_ai_ml;ch_postupashki_main;2026-08-22 03:46:30.148;unstitched;True
lead_0546;unstitched_0546;1869;camp_pro_ai_ml;ch_postupashki_main;2026-08-26 06:00:55.787;unstitched;True
lead_0547;usr_0527;1833;camp_start_discount_55;ch_postupashki_main;2026-08-08 09:44:00.104;converted;True
lead_0548;usr_0528;1881;camp_bigtech_internships;ch_postupashki_main;2026-09-06 07:36:31.457;converted;True
lead_0549;usr_0529;1859;camp_pro_ai_ml;ch_postupashki_main;2026-08-24 03:25:17.646;converted;True
lead_0550;unstitched_0550;1882;camp_bigtech_internships;ch_postupashki_main;2026-09-06 01:42:16.806;unstitched;True
lead_0551;usr_0531;1869;camp_pro_ai_ml;ch_postupashki_main;2026-08-28 11:31:24.835;converted;True
lead_0552;unstitched_0552;1833;camp_start_discount_55;ch_postupashki_main;2026-08-06 19:46:31.314;unstitched;True
lead_0553;unstitched_0553;1878;camp_bigtech_internships;ch_postupashki_main;2026-09-05 01:13:50.924;unstitched;True
lead_0554;usr_0534;1869;camp_pro_ai_ml;ch_postupashki_main;2026-08-29 00:16:50.050;converted;True
lead_0555;usr_0535;1869;camp_pro_ai_ml;ch_postupashki_main;2026-08-30 00:10:30.813;converted;True
lead_0556;unstitched_0556;1843;camp_warmup;ch_postupashki_main;2026-08-12 00:49:56.655;unstitched;True
lead_0557;usr_0537;1843;camp_warmup;ch_postupashki_main;2026-08-11 02:35:26.928;converted;True
lead_0558;usr_0538;1872;camp_bigtech_internships;ch_postupashki_main;2026-08-30 01:59:01.414;converted;True
lead_0559;usr_0539;1859;camp_pro_ai_ml;ch_postupashki_main;2026-08-22 02:41:14.622;converted;True
lead_0560;usr_0540;1878;camp_bigtech_internships;ch_postupashki_main;2026-09-05 07:52:27.075;converted;True
lead_0561;unstitched_0561;1875;camp_bigtech_internships;ch_postupashki_main;2026-08-31 12:53:20.766;unstitched;True
lead_0562;unstitched_0562;1859;camp_pro_ai_ml;ch_postupashki_main;2026-08-22 03:24:05.880;unstitched;True
lead_0563;usr_0543;1836;camp_start_discount_55;ch_postupashki_main;2026-08-08 11:07:58.933;converted;True
lead_0564;usr_0544;1837;camp_start_discount_55;ch_postupashki_main;2026-08-09 10:14:10.716;converted;True
lead_0565;usr_0545;1878;camp_bigtech_internships;ch_postupashki_main;2026-09-05 06:32:46.660;converted;True
lead_0566;unstitched_0566;1838;camp_start_discount_55;ch_postupashki_main;2026-08-09 18:49:28.826;unstitched;True
lead_0567;usr_0547;1875;camp_bigtech_internships;ch_postupashki_main;2026-09-01 04:32:27.002;converted;True
lead_0568;usr_0548;1893;camp_free_analytics_nosql;ch_postupashki_main;2026-09-08 08:10:50.659;converted;True
lead_0569;unstitched_0569;1859;camp_pro_ai_ml;ch_postupashki_main;2026-08-23 05:08:58.208;unstitched;True
lead_0570;usr_0550;1836;camp_start_discount_55;ch_postupashki_main;2026-08-08 11:34:06.603;converted;True
lead_0571;unstitched_0571;1875;camp_bigtech_internships;ch_postupashki_main;2026-09-01 16:37:29.682;unstitched;True
lead_0572;usr_0552;1859;camp_pro_ai_ml;ch_postupashki_main;2026-08-25 01:01:50.152;converted;True
lead_0573;usr_0553;1878;camp_bigtech_internships;ch_postupashki_main;2026-09-04 00:09:29.806;converted;True
lead_0574;unstitched_0574;1833;camp_start_discount_55;ch_postupashki_main;2026-08-07 04:47:10.950;unstitched;True
lead_0575;unstitched_0575;1875;camp_bigtech_internships;ch_postupashki_main;2026-08-31 15:52:59.821;unstitched;True
lead_0576;unstitched_0576;1878;camp_bigtech_internships;ch_postupashki_main;2026-09-03 22:56:51.345;unstitched;True
lead_0577;usr_0557;1859;camp_pro_ai_ml;ch_postupashki_main;2026-08-22 07:58:11.181;converted;True
lead_0578;usr_0558;1875;camp_bigtech_internships;ch_postupashki_main;2026-08-31 20:27:18.345;converted;True
lead_0579;usr_0559;1859;camp_pro_ai_ml;ch_postupashki_main;2026-08-21 09:47:33.668;converted;True
lead_0580;unstitched_0580;1859;camp_pro_ai_ml;ch_postupashki_main;2026-08-25 11:47:22.360;unstitched;True
lead_0581;unstitched_0581;1877;camp_bigtech_internships;ch_postupashki_main;2026-09-03 11:52:03.218;unstitched;True
lead_0582;usr_0562;1854;camp_warmup;ch_postupashki_main;2026-08-16 10:37:41.403;converted;True
lead_0583;usr_0563;1836;camp_start_discount_55;ch_postupashki_main;2026-08-08 02:01:43.980;converted;True
lead_0584;unstitched_0584;1848;camp_warmup;ch_postupashki_main;2026-08-15 03:47:10.459;unstitched;True
lead_0585;usr_0565;1869;camp_pro_ai_ml;ch_postupashki_main;2026-08-30 01:00:57.148;converted;True
lead_0586;usr_0566;1874;camp_pro_ai_ml;ch_postupashki_main;2026-08-28 19:38:45.299;converted;True
lead_0587;usr_0567;1893;camp_free_analytics_nosql;ch_postupashki_main;2026-09-09 01:53:47.234;converted;True
lead_0588;usr_0568;1869;camp_pro_ai_ml;ch_postupashki_main;2026-08-26 12:47:21.474;converted;True
lead_0589;unstitched_0589;1878;camp_bigtech_internships;ch_postupashki_main;2026-09-06 01:58:21.876;unstitched;True
lead_0590;unstitched_0590;1833;camp_start_discount_55;ch_postupashki_main;2026-08-08 06:58:34.695;unstitched;True
lead_0591;unstitched_0591;1876;camp_warmup;ch_postupashki_main;2026-08-04 00:15:47.230;unstitched;True
lead_0592;usr_0572;1875;camp_bigtech_internships;ch_postupashki_main;2026-08-31 18:06:02.845;converted;True
lead_0593;usr_0573;1869;camp_pro_ai_ml;ch_postupashki_main;2026-08-28 12:36:42.940;converted;True
lead_0594;usr_0574;1878;camp_bigtech_internships;ch_postupashki_main;2026-09-04 12:17:42.970;converted;True
lead_0595;usr_0575;1855;camp_warmup;ch_postupashki_main;2026-08-17 23:04:43.283;converted;True
lead_0596;usr_0576;1878;camp_bigtech_internships;ch_postupashki_main;2026-09-03 13:04:50.758;converted;True
lead_0597;usr_0577;1836;camp_start_discount_55;ch_postupashki_main;2026-08-08 10:15:31.094;converted;True
lead_0598;usr_0578;1857;camp_warmup;ch_postupashki_main;2026-08-19 18:32:10.972;converted;True
lead_0599;unstitched_0599;1830;camp_warmup;ch_postupashki_main;2026-08-04 17:48:32.867;unstitched;True
lead_0600;unstitched_0600;1859;camp_pro_ai_ml;ch_postupashki_main;2026-08-23 07:31:38.408;unstitched;True
lead_0601;unstitched_0601;1859;camp_pro_ai_ml;ch_postupashki_main;2026-08-23 09:10:26.894;unstitched;True
lead_0602;usr_0582;1878;camp_bigtech_internships;ch_postupashki_main;2026-09-03 22:51:17.151;converted;True
lead_0603;usr_0583;1859;camp_pro_ai_ml;ch_postupashki_main;2026-08-23 15:15:05.065;converted;True
lead_0604;usr_0584;1837;camp_start_discount_55;ch_postupashki_main;2026-08-09 17:36:12.262;converted;True
lead_0605;usr_0585;1869;camp_pro_ai_ml;ch_postupashki_main;2026-08-27 19:48:45.535;converted;True
lead_0606;usr_0586;1843;camp_warmup;ch_postupashki_main;2026-08-11 19:32:58.315;converted;True
lead_0607;usr_0587;1869;camp_pro_ai_ml;ch_postupashki_main;2026-08-25 07:25:59.224;converted;True
lead_0608;usr_0588;1840;camp_start_discount_55;ch_postupashki_main;2026-08-10 15:21:22.782;converted;True
lead_0609;usr_0589;1836;camp_start_discount_55;ch_postupashki_main;2026-08-08 09:07:30.518;converted;True
lead_0610;usr_0590;1878;camp_bigtech_internships;ch_postupashki_main;2026-09-03 21:13:35.488;converted;True
lead_0611;unstitched_0611;1878;camp_bigtech_internships;ch_postupashki_main;2026-09-05 02:07:47.005;unstitched;True
lead_0612;usr_0592;1856;camp_warmup;ch_postupashki_main;2026-08-17 23:17:02.186;converted;True
lead_0613;usr_0593;1882;camp_bigtech_internships;ch_postupashki_main;2026-09-05 12:52:36.410;converted;True
lead_0614;usr_0594;1877;camp_bigtech_internships;ch_postupashki_main;2026-09-03 04:23:20.788;converted;True
lead_0615;unstitched_0615;1859;camp_pro_ai_ml;ch_postupashki_main;2026-08-21 20:41:39.686;unstitched;True
lead_0616;unstitched_0616;1878;camp_bigtech_internships;ch_postupashki_main;2026-09-05 04:38:07.681;unstitched;True
lead_0617;usr_0597;1836;camp_start_discount_55;ch_postupashki_main;2026-08-09 15:32:16.113;converted;True
lead_0618;usr_0598;1833;camp_start_discount_55;ch_postupashki_main;2026-08-08 15:24:19.343;converted;True
lead_0619;unstitched_0619;1859;camp_pro_ai_ml;ch_postupashki_main;2026-08-25 13:10:42.884;unstitched;True
lead_0620;unstitched_0620;1872;camp_bigtech_internships;ch_postupashki_main;2026-08-31 06:22:15.083;unstitched;True
lead_0621;unstitched_0621;1859;camp_pro_ai_ml;ch_postupashki_main;2026-08-21 02:18:12.813;unstitched;True
lead_0622;unstitched_0622;1878;camp_bigtech_internships;ch_postupashki_main;2026-09-02 12:09:31.678;unstitched;True
lead_0623;unstitched_0623;1880;camp_bigtech_internships;ch_postupashki_main;2026-09-05 08:02:36.522;unstitched;True
lead_0624;usr_0602;1878;camp_bigtech_internships;ch_postupashki_main;2026-09-05 15:10:55.570;converted;True
lead_0625;unstitched_0625;1854;camp_warmup;ch_postupashki_main;2026-08-17 10:35:41.767;unstitched;True
lead_0626;unstitched_0626;1882;camp_bigtech_internships;ch_postupashki_main;2026-09-05 19:40:03.418;unstitched;True
lead_0627;usr_0605;1859;camp_pro_ai_ml;ch_postupashki_main;2026-08-26 00:33:51.564;converted;True
lead_0628;usr_0606;1838;camp_start_discount_55;ch_postupashki_main;2026-08-09 21:22:32.243;converted;True
